%1,%1
"%1 of %2 entries active","%1 of %2 entries active"
"A new value could not be generated.","A new value could not be generated."
"A short message that pops up on its own to invite visitors to chat. Leave empty to disable.","A short message that pops up on its own to invite visitors to chat. Leave empty to disable."
"Accent colour","Accent colour"
"Account host","Account host"
Active,Active
"Add carrier","Add carrier"
"add one here","add one here"
"Add to cart button","Add to cart button"
"Adjust the value to place the chat widget below/above another element on the page.","Adjust the value to place the chat widget below/above another element on the page."
"AI Chat Agent","AI Chat Agent"
"All done!","All done!"
"An error occurred. Please try again.","An error occurred. Please try again."
"API host","API host"
"API password","API password"
"API user","API user"
Appearance,Appearance
"Audio beep","Audio beep"
"Authorization was cancelled.","Authorization was cancelled."
"Auto (browser)","Auto (browser)"
"Auto-detect","Auto-detect"
"Bottom left","Bottom left"
"Bottom right","Bottom right"
"Carrier code","Carrier code"
"Chat is disabled, enable it in settings","Chat is disabled, enable it in settings"
"Chat settings saved. Reconnect to Ovebot.ai to sync feed and order settings.","Chat settings saved. Reconnect to Ovebot.ai to sync feed and order settings."
"Chat with the AI agent","Chat with the AI agent"
"Checking how many products can be sent to your AI agent…","Checking how many products can be sent to your AI agent…"
"Configure appearance","Configure appearance"
"Connect account","Connect account"
"Connect your store to Ovebot.ai","Connect your store to Ovebot.ai"
"Connect your store to Ovebot.ai first.","Connect your store to Ovebot.ai first."
Connected,Connected
Copied!,Copied!
Copy,Copy
"Could not load knowledge base entries from Ovebot.ai.","Could not load knowledge base entries from Ovebot.ai."
"Could not load knowledge base entries from Ovebot.ai. %1","Could not load knowledge base entries from Ovebot.ai. %1"
"Could not sync feed and order settings with Ovebot.ai.","Could not sync feed and order settings with Ovebot.ai."
"Could not sync knowledge base entry for ""%1"". %2","Could not sync knowledge base entry for ""%1"". %2"
"Could not sync with Ovebot.ai - credentials left unchanged.","Could not sync with Ovebot.ai - credentials left unchanged."
"Could not sync with Ovebot.ai - feed hash left unchanged.","Could not sync with Ovebot.ai - feed hash left unchanged."
"Couldn't reach Ovebot.ai right now","Couldn't reach Ovebot.ai right now"
"Couldn't reach Ovebot.ai right now.","Couldn't reach Ovebot.ai right now."
"Credentials regenerated and synced with Ovebot.ai.","Credentials regenerated and synced with Ovebot.ai."
"Credentials regenerated.","Credentials regenerated."
Dark,Dark
Dashboard,Dashboard
Default,Default
"Default (light)","Default (light)"
"Default (play)","Default (play)"
"Default (right)","Default (right)"
Developer,Developer
Disabled,Disabled
Disconnect,Disconnect
"Disconnect this store from Ovebot.ai? The AI chat agent will stop working until you reconnect.","Disconnect this store from Ovebot.ai? The AI chat agent will stop working until you reconnect."
"Disconnected from Ovebot.ai.","Disconnected from Ovebot.ai."
"e.g. Need help finding something?","e.g. Need help finding something?"
"e.g. Usually replies in a few minutes","e.g. Usually replies in a few minutes"
"Edit on Ovebot.ai","Edit on Ovebot.ai"
"Enable order tracking","Enable order tracking"
Enabled,Enabled
"Endpoint URL","Endpoint URL"
"Everything is set. Click below to send the selected pages and products to Ovebot.ai - your AI chat agent will start using them right away.","Everything is set. Click below to send the selected pages and products to Ovebot.ai - your AI chat agent will start using them right away."
"Feed URL","Feed URL"
"Feed URL regenerated and synced with Ovebot.ai.","Feed URL regenerated and synced with Ovebot.ai."
"Feed URL regenerated.","Feed URL regenerated."
"Fine-tune your AI agent right from your Ovebot.ai account - that's where the advanced options and customizations live.","Fine-tune your AI agent right from your Ovebot.ai account - that's where the advanced options and customizations live."
"Finish setup","Finish setup"
"Finish the setup first.","Finish the setup first."
"Free forever. No credit card.","Free forever. No credit card."
General,General
"Generates a new user/password pair. The old ones will stop working immediately.","Generates a new user/password pair. The old ones will stop working immediately."
"Go live","Go live"
"Go to settings","Go to settings"
"GTIN attribute","GTIN attribute"
here,here
"I already have an account","I already have an account"
"I'll provide my own feed","I'll provide my own feed"
Inactive,Inactive
"Knowledge Bases","Knowledge Bases"
Language,Language
"Leave empty for account.ovebot.ai.","Leave empty for account.ovebot.ai."
"Leave empty for api.ovebot.ai.","Leave empty for api.ovebot.ai."
"Leave empty to use every available source.","Leave empty to use every available source."
Light,Light
"Look & feel","Look & feel"
"Looking for advanced settings?","Looking for advanced settings?"
"Magento shipment tracking","Magento shipment tracking"
"Manage connection and settings","Manage connection and settings"
"Maximum order age (days)","Maximum order age (days)"
Messages,Messages
"Module page","Module page"
Next,Next
"No enabled CMS pages found. You can still add knowledge base entries in your %1.","No enabled CMS pages found. You can still add knowledge base entries in your %1."
"No enabled products found - your AI agent won't have any products to recommend yet.","No enabled products found - your AI agent won't have any products to recommend yet."
"No knowledge base entries yet - %1.","No knowledge base entries yet - %1."
None,None
"Not connected","Not connected"
"On-site chat widget","On-site chat widget"
"Only products that can be ordered right now (in stock or available on backorder) are sent to Ovebot.ai.","Only products that can be ordered right now (in stock or available on backorder) are sent to Ovebot.ai."
"Open account settings","Open account settings"
"Open Ovebot AI","Open Ovebot AI"
"Order tracking","Order tracking"
"Order tracking API","Order tracking API"
"Order tracking is turned off","Order tracking is turned off"
"Orders older than this are not returned to the AI agent. Default: 60.","Orders older than this are not returned to the AI agent. Default: 60."
"Ovebot AI","Ovebot AI"
"Ovebot AI advanced settings","Ovebot AI advanced settings"
Ovebot.ai,Ovebot.ai
"Ovebot.ai account","Ovebot.ai account"
"Ovebot.ai calls this endpoint, authenticated with the credentials below, so your AI agent can answer ""Where is my order?"" questions with live tracking info.","Ovebot.ai calls this endpoint, authenticated with the credentials below, so your AI agent can answer ""Where is my order?"" questions with live tracking info."
"Ovebot.ai connection error: %1","Ovebot.ai connection error: %1"
"Ovebot.ai is temporarily unavailable (HTTP %1).","Ovebot.ai is temporarily unavailable (HTTP %1)."
"Ovebot.ai reads this URL periodically to keep your AI agent's product recommendations up to date with your catalog (stock, price, availability).","Ovebot.ai reads this URL periodically to keep your AI agent's product recommendations up to date with your catalog (stock, price, availability)."
Play,Play
"Position on page","Position on page"
Previous,Previous
"Proactive message","Proactive message"
"Product feed","Product feed"
"Product recommendations are turned off","Product recommendations are turned off"
Products,Products
"Products indexed by the AI agent","Products indexed by the AI agent"
"products will be sent to your AI agent so it can recommend them to customers.","products will be sent to your AI agent so it can recommend them to customers."
"px offset from bottom","px offset from bottom"
"px offset from the side","px offset from the side"
"Raise the offset to sit the widget above another floating button, e.g. WhatsApp.","Raise the offset to sit the widget above another floating button, e.g. WhatsApp."
"Ready to go live","Ready to go live"
"Recommend products","Recommend products"
"Regenerate API credentials? The current credentials will stop working immediately.","Regenerate API credentials? The current credentials will stop working immediately."
"Regenerate credentials","Regenerate credentials"
"Regenerate feed hash? The current feed URL will stop working.","Regenerate feed hash? The current feed URL will stop working."
"Regenerate hash","Regenerate hash"
Retry,Retry
"s after page load","s after page load"
"Save settings","Save settings"
Saved,Saved
Saving…,Saving…
"Select the pages below (e.g. About, FAQ, Shipping & Returns). Your AI agent will read them and use that information to answer your customers' questions accurately, live in the on-site chat.","Select the pages below (e.g. About, FAQ, Shipping & Returns). Your AI agent will read them and use that information to answer your customers' questions accurately, live in the on-site chat."
"Set up a compatible feed URL (e.g. Google Merchant) directly in your %1.","Set up a compatible feed URL (e.g. Google Merchant) directly in your %1."
Settings,Settings
"Settings saved locally but could not sync with Ovebot.ai.","Settings saved locally but could not sync with Ovebot.ai."
"Settings saved.","Settings saved."
"Setup complete!","Setup complete!"
"Setup finished successfully - we still recommend checking the settings in your Ovebot.ai account for the selected agent, available %1. You'll also find more settings and customizations there that might be useful.","Setup finished successfully - we still recommend checking the settings in your Ovebot.ai account for the selected agent, available %1. You'll also find more settings and customizations there that might be useful."
"Shipment tracking","Shipment tracking"
"Show the chat bubble on your site","Show the chat bubble on your site"
"Shown under the assistant's name in the chat header.","Shown under the assistant's name in the chat header."
"Skipped ""%1"" - not enough text content to sync (minimum 10 characters).","Skipped ""%1"" - not enough text content to sync (minimum 10 characters)."
"Skipped ""%1"" - page is not enabled.","Skipped ""%1"" - page is not enabled."
"Skipped - knowledge base limit reached.","Skipped - knowledge base limit reached."
"Stacking order (z-index)","Stacking order (z-index)"
"Start Free","Start Free"
Subtitle,Subtitle
"Syncing pages…","Syncing pages…"
"Syncing with Ovebot.ai…","Syncing with Ovebot.ai…"
"Teach the AI chat agent about your products","Teach the AI chat agent about your products"
"Teach the AI chat agent about your website","Teach the AI chat agent about your website"
"The connection to Ovebot.ai could not be started. Please try again.","The connection to Ovebot.ai could not be started. Please try again."
"The connection, the chat widget, the product feed and the order tracking are set on the module page.","The connection, the chat widget, the product feed and the order tracking are set on the module page."
"The count is per product variation: a configurable product with several options (size, colour, etc.) is sent once for each variant that can be ordered, so the agent can recommend exactly the option a customer asks for.","The count is per product variation: a configurable product with several options (size, colour, etc.) is sent once for each variant that can be ordered, so the agent can recommend exactly the option a customer asks for."
"The default store view could not be found.","The default store view could not be found."
"The feed is rebuilt every 30 minutes at most, so catalog changes reach your AI agent with a short delay.","The feed is rebuilt every 30 minutes at most, so catalog changes reach your AI agent with a short delay."
"The host ""%1"" is not valid. Enter a host name without protocol and without path, for example api.ovebot.ai.","The host ""%1"" is not valid. Enter a host name without protocol and without path, for example api.ovebot.ai."
"The Ovebot.ai connection could not be saved.","The Ovebot.ai connection could not be saved."
"The product attribute that holds the EAN/GTIN/UPC code, sent in the feed as ""gtin"". Auto-detect looks for an attribute named gtin, ean, ean13, upc, barcode or isbn.","The product attribute that holds the EAN/GTIN/UPC code, sent in the feed as ""gtin"". Auto-detect looks for an attribute named gtin, ean, ean13, upc, barcode or isbn."
Theme,Theme
"These are the resources your AI agent uses to answer customer questions in the chat. Editing one of the selected pages in Magento updates its entry here automatically - or use ""Edit on Ovebot.ai"" below to change it directly.","These are the resources your AI agent uses to answer customer questions in the chat. Editing one of the selected pages in Magento updates its entry here automatically - or use ""Edit on Ovebot.ai"" below to change it directly."
"Token request failed (HTTP %1).","Token request failed (HTTP %1)."
"Tracking sources","Tracking sources"
"Tracking URL","Tracking URL"
"Tracking URL templates","Tracking URL templates"
"Use the built-in feed","Use the built-in feed"
"Use the built-in product feed","Use the built-in product feed"
"Use {code} where the tracking number goes, e.g. https://sameday.ro/#awb={code}","Use {code} where the tracking number goes, e.g. https://sameday.ro/#awb={code}"
"View page","View page"
"Website pages","Website pages"
"When enabled, recommended products get an ""Add to cart"" button in the chat and the chat shows the visitor's cart. The option must also be enabled in your Ovebot.ai account.","When enabled, recommended products get an ""Add to cart"" button in the chat and the chat shows the visitor's cart. The option must also be enabled in your Ovebot.ai account."
"When enabled, the AI agent's chat bubble appears on the pages of your site, except the checkout page, so customers can start a conversation.","When enabled, the AI agent's chat bubble appears on the pages of your site, except the checkout page, so customers can start a conversation."
"When enabled, your AI agent can look up order status and tracking.","When enabled, your AI agent can look up order status and tracking."
"When enabled, your AI agent recommends products from your catalog in conversations.","When enabled, your AI agent recommends products from your catalog in conversations."
"When off, our own feed URL stops working (returns Forbidden) and Ovebot.ai won't be told about it. If you have a custom feed, configure it directly at:","When off, our own feed URL stops working (returns Forbidden) and Ovebot.ai won't be told about it. If you have a custom feed, configure it directly at:"
"Widget position","Widget position"
"You need the ""Manage connection and settings"" permission to open the Ovebot AI settings.","You need the ""Manage connection and settings"" permission to open the Ovebot AI settings."
"You'll sign in on ovebot.ai and return here to finish setup.","You'll sign in on ovebot.ai and return here to finish setup."
"Your AI agent can't answer order-status questions while order tracking is off. You can change its status %1.","Your AI agent can't answer order-status questions while order tracking is off. You can change its status %1."
"Your AI agent isn't recommending products right now. You can change its status %1.","Your AI agent isn't recommending products right now. You can change its status %1."
"Your AI agent learns your store and answers customers 24/7, in any language.","Your AI agent learns your store and answers customers 24/7, in any language."
"Your store is now connected to Ovebot.ai. Your AI agent is live on your website right now, ready to chat with customers, recommend products and answer order-status questions.","Your store is now connected to Ovebot.ai. Your AI agent is live on your website right now, ready to chat with customers, recommend products and answer order-status questions."
"Your store stays connected - figures below may be out of date.","Your store stays connected - figures below may be out of date."
